metric,value
Precision,0.5123226288274833
Recall,0.9527777777777777
F1,0.6663428848955804
ROC-AUC,0.998239569236269
PR-AUC,0.9252563297669268
